GeoFips,GeoName,2001,2002,2003,2004,2005,2006,2007,2008,2009,2010,2011,2012,2013,2014,2015,2016,2017,2018
998,United States (Metropolitan Portion),11886899208,12088847011,12424725501,12901126192,13376451615,13737277924,13967226281,13922584263,13527734240,13845441884,14034693323,14326874576,14539647445,14911194849,15377266436,15646223631,16030109264,16504746972
10180,"Abilene, TX (Metropolitan Statistical Area)",4831387,4905212,4973755,5098449,5205916,5688636,5938272,6048755,5910471,6103245,6124105,6304173,6398366,6533062,6512380,6437424,6565925,6850284
10420,"Akron, OH (Metropolitan Statistical Area)",27841099,29055437,29817293,30430372,31081544,31151400,31595473,31540576,29505000,30124290,30348492,30394149,30782127,31632884,32080122,32113046,32374943,32912839
10500,"Albany, GA (Metropolitan Statistical Area)",5499100,5547080,5605710,5651416,5790084,5767999,5679490,5528688,5421746,5341783,5393551,5341035,5265937,5179108,5068956,5161807,5224058,5324036
10540,"Albany-Lebanon, OR (Metropolitan Statistical Area)",3360082,3575749,3430360,3686902,3752855,4108934,3887860,3734646,3648549,3572329,3609359,3610250,3643282,3654602,3861453,4072242,4210211,4418178
10580,"Albany-Schenectady-Troy, NY (Metropolitan Statistical Area)",42232297,42709728,44033835,44963420,45621416,47068055,47105080,47732725,48863290,48892808,48697857,48815555,49178824,49996435,50654280,51463668,52128025,52367618
10740,"Albuquerque, NM (Metropolitan Statistical Area)",29960953,30264615,33189445,37611638,37513020,38051965,37467353,37114817,38386065,37518103,37140778,37008279,35865819,36697847,37189493,38020626,37669706,38444417
10780,"Alexandria, LA (Metropolitan Statistical Area)",4737996,4887718,4906665,5129359,5360072,5499463,5157315,5222555,5473839,5612875,5698956,5663261,5590783,5531718,5470089,5582404,5598158,5660041
10900,"Allentown-Bethlehem-Easton, PA-NJ (Metropolitan Statistical Area)",42922281,43033504,39341956,36093587,35903549,35631103,37175637,37435790,36202571,37176686,37227898,37210886,37889106,38411673,39178397,39745497,39570402,40511705
11020,"Altoona, PA (Metropolitan Statistical Area)",4608930,4611762,4733838,4876042,4952603,5062748,5135992,5114692,5057520,5167803,5149746,5108397,5136921,5184028,5231330,5195441,5260675,5354290
11100,"Amarillo, TX (Metropolitan Statistical Area)",9445182,9700564,9842432,9918294,9915443,10571986,10872622,10986088,10903863,11254504,11258855,11503486,11633824,11934423,12274232,12217667,12185359,12629493
11180,"Ames, IA (Metropolitan Statistical Area)",3991778,4164461,4322870,4472993,4568103,4703511,4791883,4957011,4782740,4797514,4990931,5227143,5474951,5666219,5635680,5539101,5633048,5782942
11260,"Anchorage, AK (Metropolitan Statistical Area)",17634183,17907640,18274479,18569711,19250484,19366011,19764438,20712996,21379163,22369669,22768811,22919845,22379442,22288808,23145887,22675535,22194342,22598036
11460,"Ann Arbor, MI (Metropolitan Statistical Area)",19122553,20141168,20304773,20049276,20471233,19952538,20208800,19240709,17869911,18495449,18752145,19228030,19285470,19446252,20096509,20688097,21313699,21963864
11500,"Anniston-Oxford, AL (Metropolitan Statistical Area)",3437327,3549087,3655936,3948791,4188694,4325004,4496930,4584663,4328413,4545958,4336177,4260733,4047949,3881163,3810823,3862408,3861148,3950436
11540,"Appleton, WI (Metropolitan Statistical Area)",9619180,9611496,9884448,10242240,10519544,10574619,10697845,10524829,10267554,10437458,10705334,10906039,10688450,10869120,11164626,11428497,11548960,11806167
11700,"Asheville, NC (Metropolitan Statistical Area)",13072808,13513105,13753624,14218575,14634292,15248779,14992617,15018781,14366017,14911441,15095979,14934930,15307703,15925332,16460285,16938621,17323369,17970247
12020,"Athens-Clarke County, GA (Metropolitan Statistical Area)",6578667,6669496,6972807,7126237,7268098,7370825,7496643,7581996,7561103,7616210,7545522,7725794,7881018,7989790,8248732,8441939,8730445,8955390
12060,"Atlanta-Sandy Springs-Alpharetta, GA (Metropolitan Statistical Area)",256855449,258689563,265828719,278992891,291636342,292563858,294151050,286310433,273162667,278698042,284227194,287570424,293812164,307232862,320160440,334862045,348681584,357308437
12100,"Atlantic City-Hammonton, NJ (Metropolitan Statistical Area)",13560367,13976107,14183332,14292088,14747473,15706460,15622084,15611761,13812643,13442438,13885512,13670643,13529168,13152309,12705660,12471409,12424734,12863458
12220,"Auburn-Opelika, AL (Metropolitan Statistical Area)",3006107,3169082,3320210,3676560,3794406,3920973,4072523,4065938,3996634,4075679,4398530,4578973,4925538,5020315,5457975,5702179,5897678,6013577
12260,"Augusta-Richmond County, GA-SC (Metropolitan Statistical Area)",19546511,19761968,20491944,20924066,20802794,21032320,21893281,22251566,21839738,22291829,22555006,22573805,22502971,22585653,23242236,23649407,24254227,24690650
12420,"Austin-Round Rock-Georgetown, TX (Metropolitan Statistical Area)",61573299,63354358,65189131,67771615,73119547,81079215,85154743,88561453,86640983,92266233,96340214,99254274,103181110,108459112,116349089,121266147,127337977,134416765
12540,"Bakersfield, CA (Metropolitan Statistical Area)",27590939,30938819,31332311,34257908,36720929,42475263,46176363,44978620,47768725,45378119,44011785,47583866,46757878,47694683,48137003,49076083,50226164,49864234
12580,"Baltimore-Columbia-Towson, MD (Metropolitan Statistical Area)",131155643,135569505,137931111,143682888,150642741,155334763,155731110,156477516,155769353,160892954,164048190,165503885,167044799,169106886,171574554,177075054,178407243,183093526
12620,"Bangor, ME (Metropolitan Statistical Area)",5611648,5756989,5744870,5940154,5991791,6024994,5916349,5857129,5816024,5783863,5671744,5628626,5601109,5619495,5633056,5769790,5856821,6017850
12700,"Barnstable Town, MA (Metropolitan Statistical Area)",10545971,10902846,11236139,11577933,11407828,11523016,11363221,11370964,11247064,11511568,11767036,11779966,11767695,11850633,11980440,12058261,12192071,12459842
12940,"Baton Rouge, LA (Metropolitan Statistical Area)",37738299,40103479,41438669,45918591,50582279,49128604,45579377,43646211,43658621,45308808,49675399,49941560,49208465,51334334,49618626,48716113,49456680,51501574
12980,"Battle Creek, MI (Metropolitan Statistical Area)",5655488,5696856,5842840,5966054,6113337,6268001,6402080,6037654,5486404,5602590,5470798,5388060,5551262,5506730,5528791,5594998,5609810,5766360
13020,"Bay City, MI (Metropolitan Statistical Area)",3505165,3515564,3554596,3518732,3524988,3594459,3567083,3460179,3339571,3467132,3470794,3488302,3500495,3433571,3508955,3499875,3468934,3481282
13140,"Beaumont-Port Arthur, TX (Metropolitan Statistical Area)",22260768,21634328,22035630,26055431,23035821,23118958,25349067,23949629,23241399,25190886,25647599,27010951,29209028,25996119,26492325,27917965,28069251,28227410
13220,"Beckley, WV (Metropolitan Statistical Area)",3760771,3804318,3752574,3852814,4037144,4068938,4126071,4313871,4244389,4398793,4470986,4286152,4191159,3919456,3789624,3613404,3746074,3820247
13380,"Bellingham, WA (Metropolitan Statistical Area)",7824601,8493988,8668229,8704986,10539485,9767325,10151073,10061782,10306121,10696209,9579707,9456445,9796897,10049533,11419854,12196675,13306016,13515737
13460,"Bend, OR (Metropolitan Statistical Area)",4511235,4741884,5012406,5172971,5673398,6025924,6177725,5897321,5379467,5194934,5181481,5404857,5690363,6164693,6672082,7303591,7892078,8195615
13740,"Billings, MT (Metropolitan Statistical Area)",7011989,7086166,7583480,7985452,7988908,8168360,8964432,8535509,8005961,8304713,8708217,8810803,8984056,9461308,9920855,9289701,9565917,9753350
13780,"Binghamton, NY (Metropolitan Statistical Area)",8075975,8038620,8020569,8078770,8279956,8929625,9335058,9840886,10006997,10498150,10500870,10713954,10522622,10421738,10493418,10496988,10724610,10836235
13820,"Birmingham-Hoover, AL (Metropolitan Statistical Area)",45911960,47576262,48308761,50514944,51738429,51136415,51726923,51912538,48950865,49340750,50389242,51408900,51462649,51520220,52589375,52540527,54192007,55910633
13900,"Bismarck, ND (Metropolitan Statistical Area)",4050768,4164210,4477065,4658059,4821708,4847318,4788408,4867030,5063461,5235612,5526534,6126967,6318589,6845862,7087257,6833260,6882276,6937990
13980,"Blacksburg-Christiansburg, VA (Metropolitan Statistical Area) *",5365303,5457156,5779704,5809142,6160870,6578336,6761067,6370799,5979686,6015292,6252133,6285052,6334110,6429188,6644890,6659843,6766394,7023006
14010,"Bloomington, IL (Metropolitan Statistical Area)",8740717,8890849,9110311,9398701,9508172,10370562,10483824,10048006,10312972,10690882,10667444,10778397,10831190,11372251,11869056,12002700,11826318,11802499
14020,"Bloomington, IN (Metropolitan Statistical Area)",4973674,5118462,5266581,5400780,5618761,5745038,5614251,5638497,5607424,5688027,5756597,5785546,5886446,6115110,6085872,6200353,6420432,6546302
14100,"Bloomsburg-Berwick, PA (Metropolitan Statistical Area)",3163700,3338651,3338866,3481786,3566165,3815379,3786724,3831300,3855082,3979671,4055850,4054236,4126556,3996939,4020554,3991732,3962275,4033349
14260,"Boise City, ID (Metropolitan Statistical Area)",18405904,18923074,20090911,21543350,23892228,23991413,24200366,24810835,23684934,23927255,23910771,24149824,25114537,26267740,26920017,28216234,29709413,31127923
14460,"Boston-Cambridge-Newton, MA-NH (Metropolitan Statistical Area)",285572693,286153009,293369240,302750269,310197494,314795460,324550451,327561751,325697627,340175461,347987667,357087616,358112069,365795093,381287879,389080919,399360729,412855824
14500,"Boulder, CO (Metropolitan Statistical Area) *",17964928,16741531,16905361,17506618,17975234,18560976,19581301,20283744,20034850,20453633,20369551,20432621,20865085,21597092,22669578,23423069,24607654,25319458
14540,"Bowling Green, KY (Metropolitan Statistical Area)",4528394,4672626,4868234,5081289,5402704,5640790,5593007,5608203,5202001,5620158,5668732,5839269,5853097,5961930,6046031,6192425,6254353,6345352
14740,"Bremerton-Silverdale-Port Orchard, WA (Metropolitan Statistical Area)",8340712,8744547,8928264,9247335,9555384,9876412,9998739,10273737,10028525,9994989,9937999,9863291,9803681,9986462,10240128,10651098,11035875,11512963
14860,"Bridgeport-Stamford-Norwalk, CT (Metropolitan Statistical Area)",77238519,77562792,77230039,81462568,83832207,85708467,89664782,89929011,84105033,82853670,78333135,81498346,79489419,77948626,78667116,77878283,77609152,77951236
15180,"Brownsville-Harlingen, TX (Metropolitan Statistical Area)",7365660,7737017,7868478,7905010,8139291,8571078,8658509,8761092,8766068,9096646,9292541,9384090,9475171,9508697,9544503,9659865,9737643,10011608
15260,"Brunswick, GA (Metropolitan Statistical Area)",3375846,3432498,3600831,3874789,3939584,4117015,4104220,3920878,3790043,3861573,3774649,3687023,3649093,3620803,3745325,3753885,3824135,3957917
15380,"Buffalo-Cheektowaga, NY (Metropolitan Statistical Area)",47849533,48926781,49648229,51248410,51749715,54202581,54370032,54853171,55107422,56819099,56070658,57255716,56632250,57796514,58704385,59198536,59746005,60321806
15500,"Burlington, NC (Metropolitan Statistical Area)",4617488,4834509,4808885,5088884,5117843,5385108,5306622,5264265,4902628,5097987,5212032,5164078,5090709,5053477,5027956,5142796,5200654,5364474
15540,"Burlington-South Burlington, VT (Metropolitan Statistical Area)",8884111,9114336,9718632,10353858,10482693,10697194,10459920,11007893,10913781,11512362,11785665,11884675,11622073,11676920,11913012,12084885,12125000,12355977
15680,"California-Lexington Park, MD (Metropolitan Statistical Area)",3951040,4240038,4491366,4689187,4838773,5108951,5221182,5264576,5478178,5901066,6153892,6151620,6110228,6208958,6285462,6408602,6402262,6611288
15940,"Canton-Massillon, OH (Metropolitan Statistical Area)",14602991,14901231,14909597,15158871,15417745,15153927,14872165,14860937,13898706,14361383,15449664,15136412,16262715,17785916,18170205,18021271,18134746,18391465
15980,"Cape Coral-Fort Myers, FL (Metropolitan Statistical Area)",16913097,18103269,19795127,22238600,24637526,26400165,25945779,23813820,21848280,21680472,21405188,21694925,21861382,22943136,24022905,25401906,26207287,27046186
16020,"Cape Girardeau, MO-IL (Metropolitan Statistical Area)",3331685,3422736,3480834,3606154,3765205,3918341,3968035,3941510,3903177,3863641,3834430,3823965,3834456,3833321,3929416,3910830,3913734,4012835
16060,"Carbondale-Marion, IL (Metropolitan Statistical Area)",4461160,4654479,4627811,4699261,4873224,5158590,5173682,5288791,5329346,5510649,5578659,5576272,5429958,5618133,5506822,5666292,5589686,5830177
16180,"Carson City, NV (Metropolitan Statistical Area)",2962202,3096442,3267809,3350307,3384579,3310229,3499673,3455451,3199325,3339703,3112612,3099888,3078551,2902925,2995127,2993317,3156084,3240155
16220,"Casper, WY (Metropolitan Statistical Area)",3144705,3235126,3309678,3530674,3822187,4346656,4497376,4586541,4293445,4484485,4749504,5304065,5433215,5853352,5831864,5176638,5010582,5171022
16300,"Cedar Rapids, IA (Metropolitan Statistical Area)",10553390,10455043,11234309,12254472,12857814,12792268,13929540,13900976,14433863,15390555,15830796,15797948,15473029,16226368,16794211,16934705,16790507,17255840
16540,"Chambersburg-Waynesboro, PA (Metropolitan Statistical Area)",3989061,3909331,4193892,4540791,4900647,5213708,5530215,5420526,5074166,5076679,5130252,5053603,5157593,5256309,5271900,5241440,5412963,5583610
16580,"Champaign-Urbana, IL (Metropolitan Statistical Area)",8664471,8992412,9019418,9118605,9172232,9454056,9712819,10016652,9953481,10330251,10388887,10437119,10727065,10822986,10870433,10509639,10435942,10833954
16620,"Charleston, WV (Metropolitan Statistical Area)",13706196,13803005,13697109,13584323,13911144,13984729,13948487,13927914,13858855,13511246,13525298,13032390,12839516,12466487,12026131,11739628,11538213,12113811
16700,"Charleston-North Charleston, SC (Metropolitan Statistical Area)",21653742,22489587,23728962,24959946,26509880,27301191,28347500,28260049,27492440,28482118,29772873,31340382,31112632,32052064,33460560,35002215,36394735,37696866
16740,"Charlotte-Concord-Gastonia, NC-SC (Metropolitan Statistical Area)",93240759,95375126,99475905,105167044,112682960,119541323,120890684,128729782,118106645,114095994,120570847,127361099,126546666,130434606,136879027,139087135,143835956,146813931
16820,"Charlottesville, VA (Metropolitan Statistical Area) *",7779229,7920830,8246137,8625042,9044703,9437855,9778228,9818298,9917449,10304601,10420362,10717818,10553204,10723245,11184783,11437411,11937304,12195054
16860,"Chattanooga, TN-GA (Metropolitan Statistical Area)",20132208,20611538,21225646,22192901,22539206,22908459,22830904,23105676,22189724,22715077,23654092,24411174,24490606,24765633,25383964,26032450,26693082,27374748
16940,"Cheyenne, WY (Metropolitan Statistical Area)",3644309,3765459,3937181,4091696,4146014,4443715,4902169,5326286,4647017,4687265,4874984,5076898,4998407,5030349,5231683,5074488,5193647,5236630
16980,"Chicago-Naperville-Elgin, IL-IN-WI (Metropolitan Statistical Area)",514981994,517294621,523312090,536662096,548632398,557386178,564120391,548672390,530830225,539704813,547499300,561588192,566499499,576000060,589049966,594060750,600421994,611591128
17020,"Chico, CA (Metropolitan Statistical Area)",6521503,7069092,7448987,7645121,7860522,8346498,8255625,7944690,7929761,7918928,7916467,7682299,8138843,7944356,8271641,8685754,9002731,9219915
17140,"Cincinnati, OH-KY-IN (Metropolitan Statistical Area)",101285472,104341674,106058078,107597310,109962093,109335781,110020267,110334271,105709972,109064346,112511569,112553108,113228898,115447868,117808842,120668471,122867631,124948052
17300,"Clarksville, TN-KY (Metropolitan Statistical Area)",7656733,8236041,8486459,9164870,9992507,10620290,10348002,10578892,10595593,10878472,11475027,11570821,11352036,11342069,11486571,11139200,11147716,11287464
17420,"Cleveland, TN (Metropolitan Statistical Area)",3302708,3454033,3459635,3675544,3683042,3735269,3719493,3840316,3750508,3889364,3940930,4335074,4467150,4451763,4714212,4578465,4671982,4700727
17460,"Cleveland-Elyria, OH (Metropolitan Statistical Area)",105546960,107849789,110352564,112858462,115462349,113473596,113580402,113955966,106092046,107166841,109437899,109967066,110283260,114110316,115773490,115847427,117136194,119327107
17660,"Coeur d'Alene, ID (Metropolitan Statistical Area)",3453369,3541429,3683443,3909907,4285608,4552609,4772823,4703481,4398601,4552849,4384513,4419327,4626296,4711414,4856952,5124128,5301432,5529281
17780,"College Station-Bryan, TX (Metropolitan Statistical Area)",7042068,7345210,7583179,7699347,8314345,9112406,9983981,10444388,11268706,10649757,10456815,10538437,11257526,11967573,12557193,12400326,12775982,13169469
17820,"Colorado Springs, CO (Metropolitan Statistical Area)",24178287,24377471,24689513,25165423,26367812,26942678,27625050,27800293,27865691,28827832,29458070,29536184,29887635,30259610,31033614,31729384,33146193,34207716
17860,"Columbia, MO (Metropolitan Statistical Area)",6684959,6796031,7000563,7198168,7359500,7502219,7495563,7631307,7676049,7835771,7934268,8107003,8331951,8364782,8507153,8599508,8675553,8828039
17900,"Columbia, SC (Metropolitan Statistical Area)",28107496,28443551,29349175,30444328,31165892,32269785,33179297,33507778,32633898,32732266,32809068,32622967,33562872,34854216,36090522,37114520,38014141,38443541
17980,"Columbus, GA-AL (Metropolitan Statistical Area)",11208283,11499817,11482216,11710837,12004662,12385341,12746264,12798263,12878718,13143062,13375212,13471688,13180190,13165787,13278187,12998780,13232794,13466516
18020,"Columbus, IN (Metropolitan Statistical Area)",3515083,3437741,3597936,3800280,3986858,4399441,4884391,5174024,4303546,5208278,5382381,5824681,6024392,5847599,5804117,5827358,6063299,6363058
18140,"Columbus, OH (Metropolitan Statistical Area)",86442566,87622244,89607777,92396749,95258648,93592348,94430052,94161460,90978156,93662870,97306672,100403337,102973266,106185217,108502678,109753062,112512486,114675302
18580,"Corpus Christi, TX (Metropolitan Statistical Area)",17683190,17628386,18361303,19927640,18834175,19238572,20608682,19639121,19403763,20436017,21014505,20644807,22024100,21162387,21236440,21178971,21165711,21384640
18700,"Corvallis, OR (Metropolitan Statistical Area)",2637903,2687380,2749141,2879332,3036739,3363625,3635213,3777550,3700797,3805535,3969651,3946972,3960024,4062396,4215045,4347188,4484532,4705402
18880,"Crestview-Fort Walton Beach-Destin, FL (Metropolitan Statistical Area)",8708402,9463829,10359968,11371549,12194858,11856870,11652341,11208498,10747124,10646812,10739629,11282175,11453442,11509346,11827807,12112407,12622410,13028784
19060,"Cumberland, MD-WV (Metropolitan Statistical Area)",3169391,3198761,3168056,3187831,3231954,3414887,3396369,3437633,3426935,3645135,3669663,3577778,3569350,3494854,3528765,3560392,3562958,3573987
19100,"Dallas-Fort Worth-Arlington, TX (Metropolitan Statistical Area)",278034378,284845245,287843450,302750371,317491618,335708982,349534310,356635869,345708429,351672601,362930984,375286232,386681388,404622644,425323274,436717395,451414779,468918434
19140,"Dalton, GA (Metropolitan Statistical Area)",5681068,5927265,6056097,6851656,7165120,7126031,7142339,6735793,6119965,5811514,5861660,6000774,6020480,6206210,6421103,6732027,6823387,6856016
19180,"Danville, IL (Metropolitan Statistical Area)",2804349,2884675,2975138,3064125,2998181,3215797,3178323,3159392,3007537,3105132,3124018,3182462,3221183,3292122,3180311,3214461,3196706,3285723
19300,"Daphne-Fairhope-Foley, AL (Metropolitan Statistical Area)",3929753,4154915,4352352,4772559,5257742,5296563,5283689,4997036,4693291,4843331,4887545,5016735,5136425,5178584,5345363,5496105,5525882,5774289
19340,"Davenport-Moline-Rock Island, IA-IL (Metropolitan Statistical Area)",16838187,16681995,17167445,18055407,18374223,18729453,19138739,19436939,18626849,19110819,19811996,20357070,19966778,20100564,20265104,20113727,20339874,20546922
19430,"Dayton-Kettering, OH (Metropolitan Statistical Area)",35369766,36417417,36968207,37963400,38147110,38097622,37027253,36237339,34166468,34885290,35974194,35871599,36256763,36711850,36976537,37279694,37959200,38696669
19460,"Decatur, AL (Metropolitan Statistical Area)",4819598,4799123,5143569,5739416,5376280,5559070,5703037,5537231,5394840,5397013,5285220,5312753,5307877,5297445,5220216,5324662,5342321,5541306
19500,"Decatur, IL (Metropolitan Statistical Area)",5566661,5533837,5543778,5678367,5790882,6006441,6216681,6626644,6589749,6767191,6756625,6546140,6523538,6543378,6554747,6405913,6238665,6523486
19660,"Deltona-Daytona Beach-Ormond Beach, FL (Metropolitan Statistical Area)",13058872,14099738,15405983,16411469,17076899,18094496,18211035,17376210,16186825,16038219,15904882,15984228,16075794,16297329,16807629,17511511,18091856,18605256
19740,"Denver-Aurora-Lakewood, CO (Metropolitan Statistical Area) *",136117138,136177175,136298910,136123564,141185071,142502925,147895210,147721520,143417826,145800061,148733648,152873532,159346539,166771650,175076489,179631781,187126660,193965928
19780,"Des Moines-West Des Moines, IA (Metropolitan Statistical Area)",28507657,28946212,31432026,34341388,36771606,35601256,39114874,35154985,34275281,34990053,34922844,37455455,35716360,40301568,43066102,44212889,43692327,44481448
19820,"Detroit-Warren-Dearborn, MI (Metropolitan Statistical Area)",220452238,225265918,230033047,228787828,232862909,224387462,222776109,208384341,184974984,197274436,205487945,212159700,215851242,219559892,224508971,230047866,233241705,238679503
20020,"Dothan, AL (Metropolitan Statistical Area)",4568022,4825678,4866945,5009427,5105747,5245642,5241212,5088232,4882270,4917549,4919599,5001045,5087165,4999381,5007417,5042566,5055797,5196491
20100,"Dover, DE (Metropolitan Statistical Area)",5999121,6177899,6168695,6609479,6572926,6848712,6898152,6823485,6968086,6812713,6787229,6524166,6398135,6430286,6585361,6654062,6621713,6700040
20220,"Dubuque, IA (Metropolitan Statistical Area)",3593402,3781963,3943983,4377014,4660117,4764897,5000251,4620877,4320595,4594294,4667023,5134974,4901469,5072109,5185679,5073477,5120001,5194130
20260,"Duluth, MN-WI (Metropolitan Statistical Area)",11156359,11532375,11663775,12099927,12179374,12385211,12347113,12653536,12013003,13275463,13746076,13189296,13867298,13913989,12585002,13308590,13587347,14265083
20500,"Durham-Chapel Hill, NC (Metropolitan Statistical Area)",27595895,28764224,30111580,30609060,32624200,39057891,41610360,42530697,41209336,44130089,44307947,43851036,45949444,46076045,46232027,45952685,46804056,48385378
20700,"East Stroudsburg, PA (Metropolitan Statistical Area)",4638430,4765531,4730264,5078770,5457792,5634798,5994145,6050381,5938053,6093867,5934888,5704473,5591485,5548597,5560621,5688610,5529321,5673380
20740,"Eau Claire, WI (Metropolitan Statistical Area)",5287942,5565467,5809411,6083129,6430704,6638036,6848566,6701510,6673964,7054355,7144946,7233065,7192256,7829501,8088916,8103632,8260745,8483264
20940,"El Centro, CA (Metropolitan Statistical Area)",5055805,6136678,5715208,5558696,6081784,6692936,6535511,7470507,7127839,7005345,7295927,6900001,7116779,7049259,7759415,8016694,8189014,8038068
21060,"Elizabethtown-Fort Knox, KY (Metropolitan Statistical Area)",4140703,4178889,4332508,4502857,4623463,4887175,4858426,5067678,5021632,5640540,5956950,5678216,5574728,5396726,5214920,5243980,5349500,5394199
21140,"Elkhart-Goshen, IN (Metropolitan Statistical Area)",7863219,8457392,9298688,9823557,10490183,11128452,11200098,9696318,7311006,9070640,8971031,9218193,9573267,10168793,10329039,10767472,11979393,12038611
21300,"Elmira, NY (Metropolitan Statistical Area)",3004352,2998316,3038268,3127147,3222477,3317673,3372712,3501868,3479236,3616552,3672999,3669215,3707816,3734980,3672232,3598261,3573676,3625650
21340,"El Paso, TX (Metropolitan Statistical Area)",20096007,20709523,20714785,21243894,21976630,22789156,23603409,23431763,23850825,25549042,26876847,27525750,27351400,27207329,27478590,27720882,28207727,29123868
21420,"Enid, OK (Metropolitan Statistical Area)",1987446,2031486,2139026,2187365,2292237,2405799,2557581,2783093,2855592,2968388,3024531,3468114,3721758,4302166,4329007,4591465,3345503,3391713
21500,"Erie, PA (Metropolitan Statistical Area)",10188968,10107670,10107481,10440489,10579351,10797167,11087877,11291986,10733337,10940781,11375636,11231179,11226645,11270975,11262083,11026281,10860163,11200594
21660,"Eugene-Springfield, OR (Metropolitan Statistical Area)",11093603,11361070,11582574,12048625,12560517,13352168,13533811,13409471,12570205,12636699,12755893,12776626,12780948,12990137,13807680,14146848,14683029,15067333
21780,"Evansville, IN-KY (Metropolitan Statistical Area)",14549707,15400140,15847856,16424982,15958905,15573942,15487765,15999873,15386870,15914640,16450872,16350098,16124532,15805121,15664137,15614015,15856790,15955374
21820,"Fairbanks, AK (Metropolitan Statistical Area) *",5882757,5077583,5149799,5252193,5486300,5740709,5886569,6272390,6192418,6172331,5824354,5562537,5511508,5596635,5599363,5572193,5582087,5654089
22020,"Fargo, ND-MN (Metropolitan Statistical Area)",7810580,8313433,8732610,9051027,9330347,9639428,9963769,10248748,10012416,10415805,10974092,11902375,12100336,12631802,12735939,12667457,12667707,13036357
22140,"Farmington, NM (Metropolitan Statistical Area)",6569226,6581279,6417757,6572452,6631245,6881515,7055343,6903762,6984691,6542934,6495936,6398675,6283413,6486513,6655678,6228398,6189598,5812050
22180,"Fayetteville, NC (Metropolitan Statistical Area)",14517668,15043963,15542066,16235800,17276836,17854191,17885749,18490913,19115311,19590709,19792690,19201985,18904082,18643444,18778572,18735368,19004060,19302507
22220,"Fayetteville-Springdale-Rogers, AR (Metropolitan Statistical Area)",13318051,14344930,15294063,16826921,17954527,18039115,17443958,17181088,16404781,17364563,17732861,18363117,19616259,20559238,21319378,21877549,22927117,23481798
22380,"Flagstaff, AZ (Metropolitan Statistical Area)",4900475,4987211,5091959,5290301,5570893,5904109,6298236,6145698,5861421,6109513,6492493,6155174,6298365,6202742,6251840,6396139,6753461,6770442
22420,"Flint, MI (Metropolitan Statistical Area)",13927608,14660373,15176084,15170838,15399716,15336283,15174470,13412454,12169356,12549079,12608343,12379126,12577166,12754993,13194798,13122491,13162959,13455676
22500,"Florence, SC (Metropolitan Statistical Area)",7242149,7341127,7659897,7699247,7874052,8082162,8167164,7955359,7672369,7514055,7791527,7764723,8004042,8200006,8529348,8658177,8824777,9019299
22520,"Florence-Muscle Shoals, AL (Metropolitan Statistical Area)",4103473,4143333,4317140,4553559,4677759,4811932,4737633,4736946,4531033,4715965,4892739,4914546,5238090,5249259,5257414,5178714,5103322,5222391
22540,"Fond du Lac, WI (Metropolitan Statistical Area)",3667589,3618877,3755684,3949920,4013134,4104802,4140876,4176046,3926579,4132024,4288923,4411876,4438055,4607523,4576038,4624499,4721376,4779555
22660,"Fort Collins, CO (Metropolitan Statistical Area)",10335151,10994873,11079521,11237454,11475205,11891301,12200283,12522000,12377818,12632341,12807724,13104708,13582127,14114143,14784676,15358832,16121584,16793330
22900,"Fort Smith, AR-OK (Metropolitan Statistical Area)",7751269,7996309,8405835,8920565,9191819,9666117,9379939,9137238,8448114,8781728,8977678,8788313,8677999,8650969,8673822,8638637,8634927,8755173
23060,"Fort Wayne, IN (Metropolitan Statistical Area)",15388956,15646958,16193959,16642202,17099279,17703122,18177658,17348308,16130649,16559301,16886132,17822333,17792801,19163956,19979691,20106849,20292855,20926252
23420,"Fresno, CA (Metropolitan Statistical Area)",28226117,30796288,32877267,33959620,35484674,38213603,37155855,35838787,35907800,36039096,36440914,35320177,35683488,37433031,39100161,39839249,41597807,43436946
23460,"Gadsden, AL (Metropolitan Statistical Area)",2604259,2664316,2687323,2827403,2830042,2831517,2814999,2821187,2716066,2793082,2823761,2801621,2759996,2725594,2741934,2742949,2746645,2803470
23540,"Gainesville, FL (Metropolitan Statistical Area)",10219840,10491582,10563063,11441177,11808541,12391588,12975337,12666539,12249306,12133089,11920677,11955810,11991339,12282180,12786634,13191274,13609063,13930241
23580,"Gainesville, GA (Metropolitan Statistical Area)",6235658,6171440,6360366,6578552,6811907,7004370,7190669,7145426,6745284,6849881,7196103,7138502,7295116,7494089,7807071,8015174,8440946,8764977
23900,"Gettysburg, PA (Metropolitan Statistical Area)",2591190,2773181,2775851,2821790,2922440,3079881,3088131,3128051,3129119,3112492,3191194,3256380,3295629,3296990,3334856,3327497,3476444,3487746
24020,"Glens Falls, NY (Metropolitan Statistical Area)",4086823,4160013,4316117,4566209,4640053,4819597,4776678,5008217,5177749,5261321,5151287,5164591,5119881,5171398,5202653,5271488,5367379,5354073
24140,"Goldsboro, NC (Metropolitan Statistical Area)",4333114,4174630,4105858,4325566,4354185,4496479,4534196,4613860,4594678,4653982,4517750,4479314,4637706,4597661,4685843,4637941,4702700,4714200
24220,"Grand Forks, ND-MN (Metropolitan Statistical Area)",3507893,3687858,3970430,3860752,3927562,4168520,4192968,4438908,4278570,4407945,4486973,4823813,4904768,4814336,4806993,4801977,4980504,5132844
24260,"Grand Island, NE (Metropolitan Statistical Area)",2625471,2731629,2871977,2929722,3104531,3287419,3314459,3359656,3418931,3562219,3555552,3656875,3893981,3776562,3782539,3705587,3793270,3835271
24300,"Grand Junction, CO (Metropolitan Statistical Area)",4323145,4475943,4582768,4695052,4955138,5417252,5954619,6461773,5924474,5651982,5683788,5646768,5560834,5723592,5757436,5695220,5970021,6253144
24340,"Grand Rapids-Kentwood, MI (Metropolitan Statistical Area)",42868569,44224515,45331803,46271220,47304757,47057640,46885890,45674659,42871347,44769622,45773167,46911862,47444715,49179798,51259319,52026097,53368797,55253905
24420,"Grants Pass, OR (Metropolitan Statistical Area)",1724448,1822802,1903923,2020674,2107077,2231025,2234996,2115862,2073815,2066219,2056292,2038243,2022911,2103358,2241748,2337115,2454025,2554777
24500,"Great Falls, MT (Metropolitan Statistical Area)",2787746,2864408,2879256,2973745,3104534,3202622,3266733,3249351,3216283,3352906,3383832,3328631,3330453,3435285,3646286,3548307,3644181,3782722
24540,"Greeley, CO (Metropolitan Statistical Area) *",7476738,7341278,7563674,8117388,8713140,9146339,9467772,10027526,10236106,10481889,10901589,11925849,13208351,15640435,17290520,17607226,18767550,20531235
24580,"Green Bay, WI (Metropolitan Statistical Area)",13963139,14225656,14710215,15172590,15502459,15774236,15893635,15822068,15288836,16020371,16242104,16587219,16354483,17267329,17748246,18226952,18271480,18584854
24660,"Greensboro-High Point, NC (Metropolitan Statistical Area)",34782186,35565857,35536682,35113215,35924946,37527292,37747419,38584472,37503283,37989729,38499399,36471277,37305462,37041131,37580901,37149807,37721468,38301038
24780,"Greenville, NC (Metropolitan Statistical Area)",5538286,5549119,5543388,5679176,6058305,6569259,6880965,7024634,7065211,7185539,7313951,7081434,7281829,7268118,7526442,7534598,7719111,7778281
24860,"Greenville-Anderson, SC (Metropolitan Statistical Area)",31299572,32429600,33172436,31499644,31641798,31812007,32902172,32999595,31070104,31919727,33315727,33653996,35243773,36342706,37710093,38697029,39816849,41116111
25060,"Gulfport-Biloxi, MS (Metropolitan Statistical Area)",14466067,14475523,15581242,15502725,15872425,16459161,22285733,20282806,18568385,18215065,17210033,17231042,15993193,16859521,16350753,16606852,16951069,17258609
25180,"Hagerstown-Martinsburg, MD-WV (Metropolitan Statistical Area)",7572458,7815780,7987634,8431214,8807554,9399609,9379005,9295736,9036877,9202862,9430416,9498748,9564684,9665394,9699415,9956633,10140729,10397915
25220,"Hammond, LA (Metropolitan Statistical Area)",2451904,2554293,2774988,3028439,3369021,3909961,3763441,3852759,3622466,3813167,4125795,3789584,3636679,3748053,3687749,3708532,3863443,3894065
25260,"Hanford-Corcoran, CA (Metropolitan Statistical Area)",4365997,4644375,5118733,5387565,5658553,5482959,6195409,5638975,5174203,5233245,5864962,5351339,5233836,5848950,5487526,5377698,5481134,5648724
25420,"Harrisburg-Carlisle, PA (Metropolitan Statistical Area)",27325738,27915097,28761922,29809876,30250485,30955101,31663879,31673586,30919231,31248130,31836203,32148121,32676104,33576314,34583787,34685541,35022725,35907508
25500,"Harrisonburg, VA (Metropolitan Statistical Area) *",5189570,4803453,5068473,5391836,5946278,6321844,6757377,6279397,6056170,5974229,5873658,5844751,5951643,5923629,5920168,5871118,6058956,6145145
25540,"Hartford-East Hartford-Middletown, CT (Metropolitan Statistical Area)",75047687,72190900,73974440,79963345,81531629,85205338,89993041,89175435,87992669,87801792,87196329,87293146,85788336,85687372,89268220,89175712,89872056,89529174
25620,"Hattiesburg, MS (Metropolitan Statistical Area)",4412496,4537494,4729480,4959736,5163854,5459047,5211217,5512681,5444061,5545815,5474919,5565749,5681125,5720564,5763812,5729887,5818906,5937472
25860,"Hickory-Lenoir-Morganton, NC (Metropolitan Statistical Area)",13387383,13479124,13174278,13704389,13736072,14227966,13791908,13354593,12688546,13280354,13307657,12768995,12877015,12889802,13181568,13354621,13716423,14032872
25940,"Hilton Head Island-Bluffton, SC (Metropolitan Statistical Area)",6003256,6019837,6373550,6830651,7229348,7069241,7177675,7006557,6642675,6536780,6512299,6544029,6769907,6906259,7135348,7256294,7299580,7473309
25980,"Hinesville, GA (Metropolitan Statistical Area)",2407030,2470209,2678337,2810138,2983358,3044967,3182618,3451743,3485735,3671014,3830703,3713028,3617268,3424224,3381001,3314534,3323217,3333441
26140,"Homosassa Springs, FL (Metropolitan Statistical Area)",3392617,3496513,3600710,3803322,3965364,4461673,4508246,4297443,3893142,3630748,3521416,3517306,3504984,3449622,3374867,3395172,3414707,3511018
26300,"Hot Springs, AR (Metropolitan Statistical Area)",2501167,2586995,2652288,2722299,2815444,2837594,2818474,2773077,2658746,2781577,2975381,2882191,2879229,2890928,2937538,2942846,3003768,3051825
26380,"Houma-Thibodaux, LA (Metropolitan Statistical Area)",10309517,9943797,9475798,9341561,9587361,11241126,11425776,11268604,11388785,11053254,10604574,10778088,11128340,11492224,10576812,9467483,9201863,9514520
26420,"Houston-The Woodlands-Sugar Land, TX (Metropolitan Statistical Area)",297396168,294636092,295375906,320861233,326130611,348881620,376388827,369381048,365989659,381346585,390737065,404431385,419466692,420449655,442705932,429133987,432329249,445335360
26580,"Huntington-Ashland, WV-KY-OH (Metropolitan Statistical Area)",12302102,12646795,12861983,13305859,13404353,13661663,13567164,14162839,14073295,13923243,13802345,14500659,15509241,14755505,14667309,14314762,14475058,15057783
26620,"Huntsville, AL (Metropolitan Statistical Area)",15118815,15812177,16639184,17992613,18913349,19713859,20288539,20974483,21038269,22067533,22467155,22482793,22549268,22625022,23040190,23540119,24113355,24995035
26820,"Idaho Falls, ID (Metropolitan Statistical Area)",4166800,4437455,4434934,4620017,4792358,5243856,5322193,5390953,5361312,5366394,5325724,5322783,5412514,5411888,5725749,5906039,6200669,6432097
26900,"Indianapolis-Carmel-Anderson, IN (Metropolitan Statistical Area)",95539703,96640464,99602341,104989839,105836916,107539834,111595020,114223241,110425107,113733987,113353413,111780746,114939318,119081155,117079734,119824872,122143721,124667768
26980,"Iowa City, IA (Metropolitan Statistical Area)",6428759,6682925,6802126,7071470,7139432,7377506,7447033,7777213,7784888,8028180,8292865,8369661,8795170,9075011,9050270,8991073,9364567,9533554
27060,"Ithaca, NY (Metropolitan Statistical Area)",4390513,4506315,4711274,4865691,4878702,4980512,4965748,5215710,5280438,5434918,5360504,5380922,5369272,5316149,5326929,5325458,5355968,5412942
27100,"Jackson, MI (Metropolitan Statistical Area)",4896341,5056333,5037013,5125281,5217187,5219153,5205462,4981904,4630042,4887513,5084342,5130152,5282117,5172244,5252177,5490037,5525960,5662101
27140,"Jackson, MS (Metropolitan Statistical Area)",21079831,21547746,22135212,22841020,23227187,23571490,22894258,24030860,23124230,23547730,23670522,23784645,24433367,24936763,25121803,25213228,25053951,25445532
27180,"Jackson, TN (Metropolitan Statistical Area)",6359312,6366095,6540281,6729449,6834302,7070965,6894345,7023700,6975356,7225810,7630899,7059221,7115110,7139959,7152943,7250790,7384394,7571807
27260,"Jacksonville, FL (Metropolitan Statistical Area)",53360296,54763287,57498818,59868073,62517770,65385626,65788750,63435560,59969778,60122228,59403115,60218436,61643176,63327738,66187578,68395964,71661716,73723680
27340,"Jacksonville, NC (Metropolitan Statistical Area)",5287773,5152959,5373403,5810547,6180950,6401531,6842736,7505146,8044826,8436348,8391000,8236461,8108176,7949303,7823390,8207955,8005278,8155742
27500,"Janesville-Beloit, WI (Metropolitan Statistical Area)",5326704,5807795,5858930,5933580,5947391,6315092,6235498,6016556,5641853,5817471,5907624,6043864,6404287,6305645,6424849,6574748,6634276,7013004
27620,"Jefferson City, MO (Metropolitan Statistical Area)",5850996,5821955,5944373,6115786,6156602,6406089,6397744,6556087,6470873,6595308,6549096,6491374,6547414,6582657,6650625,6512527,6468973,6682865
27740,"Johnson City, TN (Metropolitan Statistical Area)",5168988,5318408,5587279,6023770,6114488,6332975,6401444,6576114,6397825,6217556,6385679,6513351,6457972,6365261,6615298,6647017,6805407,6981674
27780,"Johnstown, PA (Metropolitan Statistical Area)",4495381,4425361,4459120,4471443,4539531,4618354,4691358,4768346,4687370,4764548,4770210,4686698,4650529,4612072,4562547,4476405,4455663,4550684
27860,"Jonesboro, AR (Metropolitan Statistical Area)",3362445,3503547,3793377,3970976,4095364,4112176,3953394,4051821,4085627,4337626,4429983,4350023,4502402,4300556,4351721,4389686,4463753,4587993
27900,"Joplin, MO (Metropolitan Statistical Area)",5974445,5990486,6112972,6336956,6390308,6562210,6523669,6685440,6427568,6563466,6422465,6368474,6395117,6444632,7044642,6975657,7030145,7015093
27980,"Kahului-Wailuku-Lahaina, HI (Metropolitan Statistical Area)",5307246,5606971,6064044,6707673,7456811,8152248,8330418,7865574,7234625,7504598,7854040,8111540,8101385,8255812,8676225,8985754,9073660,9345639
28020,"Kalamazoo-Portage, MI (Metropolitan Statistical Area)",10778300,11458326,11422910,11407043,11327984,11210058,11381088,10970579,10671844,10798629,10730816,10759305,10995659,11102042,11482438,11868155,12087272,12530386
28100,"Kankakee, IL (Metropolitan Statistical Area)",3545397,3632171,3660829,3760826,3754673,4003776,4036770,4063812,4086135,4145461,4136917,4344516,4287360,4225967,4261711,4383459,4366489,4370611
28140,"Kansas City, MO-KS (Metropolitan Statistical Area)",92103394,94209025,95591146,97181149,100016419,101726045,104543373,107376011,104090591,104035356,104196076,107631274,109368962,112256998,115123305,115841254,117992341,120352988
28420,"Kennewick-Richland, WA (Metropolitan Statistical Area)",8980891,9630713,9627473,9749536,10472063,11012415,11102205,11022746,11638601,12751790,12535647,12144264,11991366,12200215,12922542,13349693,13583256,13934458
28660,"Killeen-Temple, TX (Metropolitan Statistical Area)",11127879,11515761,12014058,12473381,13384394,14549599,15325009,16182519,16391431,16242831,16539972,16389443,16037552,16058431,16677194,16254832,16523551,16837964
28700,"Kingsport-Bristol, TN-VA (Metropolitan Statistical Area) *",10464259,10432714,10540261,11272585,11007876,11791515,11886019,11812799,11598031,11695114,11919876,11985208,11902282,11475228,11720057,11693888,11775436,12037030
28740,"Kingston, NY (Metropolitan Statistical Area)",4979709,5074052,5250881,5417205,5498321,5924022,5882881,5990812,5982129,6096100,6040497,6087168,6088408,6080000,6033576,6065862,6184371,6237082
28940,"Knoxville, TN (Metropolitan Statistical Area)",27974010,29455101,30738920,32564816,33553599,34440512,34286329,34902579,33323413,33420711,34425111,34757442,34864403,35422108,36157169,37102418,37689515,38756940
29020,"Kokomo, IN (Metropolitan Statistical Area)",3306437,3776594,4552681,4261600,4095136,4279757,4603995,4015790,2575760,4078017,3942087,4425009,4945035,5029042,5006828,5023786,5268619,5253267
29100,"La Crosse-Onalaska, WI-MN (Metropolitan Statistical Area)",5193068,5257947,5444861,5617504,5762615,5785306,5849159,5954887,5953900,6158086,6259942,6324379,6469682,6759306,6849859,6659206,6817787,6993246
29180,"Lafayette, LA (Metropolitan Statistical Area)",19982569,18885939,18565298,18920572,19381031,22188127,21963670,22506760,22332839,22495876,22672486,23516421,23299237,23730357,22685347,20979412,20970840,21388685
29200,"Lafayette-West Lafayette, IN (Metropolitan Statistical Area)",7084262,7252561,7450999,7745181,7945431,8332144,8543637,8575876,7861246,8451301,8707299,8443959,8701571,8865097,8853870,9110813,9241476,9727016
29340,"Lake Charles, LA (Metropolitan Statistical Area)",14792755,15915417,19416663,20930585,25041561,21120903,18012166,15585739,13601812,12870281,14215416,13514066,12339835,13426741,14004195,14954117,15880707,16334545
29420,"Lake Havasu City-Kingman, AZ (Metropolitan Statistical Area)",3777791,4135021,4264150,4583531,4867505,5222536,5299272,5082442,4665117,4620074,4554414,4503558,4581620,4687175,4700479,4841032,4900560,5068013
29460,"Lakeland-Winter Haven, FL (Metropolitan Statistical Area)",17141902,17735093,18318248,19141103,20266235,21670678,21971365,21325791,19954856,19958101,19816919,19901708,20095882,19510279,20462688,20928287,21816610,22483500
29540,"Lancaster, PA (Metropolitan Statistical Area)",21399135,21711276,22152950,22748613,23259385,23526432,23488750,23292364,22461822,23225493,22977708,22853912,23229285,23924172,24930839,25009837,25768354,26442386
29620,"Lansing-East Lansing, MI (Metropolitan Statistical Area)",21199388,21763864,22008220,21930021,22405036,22504024,22548618,21027953,19782798,20916226,20643454,20315806,20126647,20536869,21159965,21672907,21810294,22247293
29700,"Laredo, TX (Metropolitan Statistical Area)",7857177,8154887,8063525,7810293,8088760,8264574,8145585,7772524,7820920,7932647,8756648,9329405,9863838,11319728,12451869,12360473,12794056,12408193
29740,"Las Cruces, NM (Metropolitan Statistical Area)",4948974,5159002,5588171,6007388,6487250,6518132,6571017,6533397,6868430,7017937,6767862,6488474,6355434,6400475,6597222,6788949,6712348,6757266
29820,"Las Vegas-Henderson-Paradise, NV (Metropolitan Statistical Area)",72950505,75901104,80032555,90277850,99284579,103460935,103111400,99000386,89834267,89183882,90449129,89213576,90568170,92438237,96610558,99198167,101392420,107622947
29940,"Lawrence, KS (Metropolitan Statistical Area)",3689062,3797360,3744609,3791357,3791015,3770718,3810312,3984600,3931797,3894698,3948530,3939242,4042779,4137182,4205852,4338539,4404306,4458646
30020,"Lawton, OK (Metropolitan Statistical Area)",3710884,3872251,4166696,4360592,4281404,4473900,4523355,4681832,4850283,5064137,4973252,4775324,4757849,4690965,4737642,4562075,4512201,4605279
30140,"Lebanon, PA (Metropolitan Statistical Area)",3807387,3907659,4153476,4357763,4343250,4545913,4699160,4656379,4682469,4882116,4989392,5055836,5087628,5282031,5337260,5381158,5473599,5659207
30300,"Lewiston, ID-WA (Metropolitan Statistical Area)",2057410,2078117,2101974,2131573,2169238,2252145,2283406,2324027,2268961,2319237,2275968,2290915,2311715,2326321,2393286,2458843,2515313,2572585
30340,"Lewiston-Auburn, ME (Metropolitan Statistical Area)",3482794,3758451,3876658,3950781,3901428,4009255,4106296,4175408,4035511,3966367,3956820,4044707,4001868,4013687,4076246,4124051,4147966,4266879
30460,"Lexington-Fayette, KY (Metropolitan Statistical Area)",19264662,20349283,20532560,21224132,22037911,22735958,23043916,22779687,21206429,22126118,22336547,22745802,23767455,24452448,25252450,25758454,25865000,26125987
30620,"Lima, OH (Metropolitan Statistical Area)",5643442,5930496,5956838,6144741,6196652,6282965,6075998,5942288,6865089,7160776,7419978,7178597,6992588,7581703,7017857,7137897,7249480,7558930
30700,"Lincoln, NE (Metropolitan Statistical Area)",13143974,13267011,13812089,13954172,14455369,14763021,15031777,14527843,14191151,14660135,14929445,15228181,15474740,15725554,16161213,16359050,17029139,17243457
30780,"Little Rock-North Little Rock-Conway, AR (Metropolitan Statistical Area)",26455907,27217030,28393616,29366996,30892587,31550623,32518674,32236481,31325495,31495053,32133276,32253276,32921898,33059847,33730759,34218908,33865487,34579355
30860,"Logan, UT-ID (Metropolitan Statistical Area)",2892093,2900905,3087608,3245702,3263193,3510573,3725795,3934178,4025640,4303415,4415187,4228988,4264655,4388809,4504132,4699148,4983857,5118853
30980,"Longview, TX (Metropolitan Statistical Area)",12087212,12584064,12545652,12888554,13580718,15115543,16224725,16223882,16141965,16237294,16072644,16120730,16216039,16376571,15949965,15291443,15519519,16073025
31020,"Longview, WA (Metropolitan Statistical Area)",3303291,3221487,3352234,3400675,3571971,3801436,4049897,3915052,3792174,4095320,3994755,4141403,4216170,4216575,4251502,4234614,4351020,4511489
31080,"Los Angeles-Long Beach-Anaheim, CA (Metropolitan Statistical Area)",640994445,658885830,693002173,723332684,751802739,775894029,780607520,785031027,744970634,761847125,773753329,788081634,805082446,827255500,862381688,879958191,912491020,941064112
31140,"Louisville/Jefferson County, KY-IN (Metropolitan Statistical Area)",51146864,51294113,52516183,54287789,55944549,57534717,57572471,56666079,53521657,55875185,56713997,58653191,59280755,59781022,60616373,61827049,62960211,64061796
31180,"Lubbock, TX (Metropolitan Statistical Area)",9155319,9357101,9463796,9784446,10184645,10698860,10863680,10753152,10796179,11366277,11159807,11537021,12057269,11962172,12231947,12471426,12693422,13091760
31340,"Lynchburg, VA (Metropolitan Statistical Area) *",8001326,8013859,8442340,8690529,8999543,9591451,9604986,9469137,9427289,9678667,9531024,9269611,9234225,9165916,9219634,9170844,9248387,9480986
31420,"Macon-Bibb County, GA (Metropolitan Statistical Area)",10208644,10079932,9824579,10091404,9906962,9949876,9743445,9917134,9680351,9731657,9882511,9886208,10006775,10053868,10078320,10047644,10088993,10423624
31460,"Madera, CA (Metropolitan Statistical Area)",3243485,3681996,3798938,4408988,4747781,5129794,5125657,4984791,4366634,5021701,5032240,5236840,5565418,6107927,5982371,6418227,6658105,7099931
31540,"Madison, WI (Metropolitan Statistical Area)",30023636,30985115,31921628,33277797,34652603,34717912,35479516,35041727,34748155,36007275,37312845,38605774,39560632,41890970,43552448,45022825,45492200,46529232
31700,"Manchester-Nashua, NH (Metropolitan Statistical Area)",17557733,18272030,19762413,20535949,21042123,21234548,21544727,21467449,21236629,21500647,22019189,22232451,22573394,22898046,23854124,24416112,24782415,25514840
31740,"Manhattan, KS (Metropolitan Statistical Area)",4721641,4742923,4935742,5132632,5301012,5736359,6190495,6533637,6483591,6825812,7083544,6970735,6728616,6510458,6616283,6426506,6308970,6264831
31860,"Mankato, MN (Metropolitan Statistical Area)",3660377,3856461,3878554,4117077,4296542,4642136,4534052,4588689,4437510,4601824,4688715,4844762,5064348,5255898,5263366,5250150,5537542,5476129
31900,"Mansfield, OH (Metropolitan Statistical Area)",4446715,4641136,4681013,4887439,4924022,4913648,4669649,4550273,3935539,4099234,4247244,4257962,4276929,4380028,4287575,4275260,4324887,4395247
32580,"McAllen-Edinburg-Mission, TX (Metropolitan Statistical Area)",14171612,15050750,15422031,15589641,16013316,16885472,17775609,17437609,17384488,17299088,17535416,17668956,18721109,19480087,19570711,20007112,20381184,21017756
32780,"Medford, OR (Metropolitan Statistical Area)",6004936,6280748,6423411,6715468,6862595,7242200,7526352,7415637,7105678,6853863,6812123,6660465,6855721,7025320,7384730,7700451,7957275,8219635
32820,"Memphis, TN-MS-AR (Metropolitan Statistical Area)",62325239,63295781,64271704,65442895,66306808,66312121,64866297,64288846,61875770,62073791,62792454,64242895,64363448,63829372,64967085,65739218,66457886,67981434
32900,"Merced, CA (Metropolitan Statistical Area)",5912179,6324466,6914648,7595529,7950618,8181274,9030257,8010339,7652533,7674491,7972289,7673815,8348701,8803254,8595504,8742254,9504388,9435667
33100,"Miami-Fort Lauderdale-Pompano Beach Palm Beach, FL (Metropolitan Statistical Area)",227550802,236043970,244581525,257428075,274235265,278783184,276702917,265245319,249778096,257860365,258703992,259070997,265814998,274987510,286151043,295529169,306141923,315031150
33140,"Michigan City-La Porte, IN (Metropolitan Statistical Area)",3855481,3852784,3868131,4016167,3947488,3997349,4089393,4067122,3723753,3893457,3875540,3876008,3905332,4018900,3828465,3809847,3848432,3940402
33220,"Midland, MI (Metropolitan Statistical Area)",4562282,4714200,4487277,4707279,4204935,4268804,4337532,4206834,3949541,4085975,4135293,4226476,4125145,4713709,4889900,4682356,4882666,4917510
33260,"Midland, TX (Metropolitan Statistical Area)",6606200,6792603,6512174,6865942,7302013,8544582,9456551,10492862,11340799,12279813,14330741,18091521,18817829,20699738,23040106,23619072,28703870,35002235
33340,"Milwaukee-Waukesha, WI (Metropolitan Statistical Area)",78253636,78831229,81261260,82925703,85511327,86577325,87001246,85849422,82950611,84669359,86197311,86516309,86880190,87210555,88418297,89207672,90473698,92558816
33460,"Minneapolis-St. Paul-Bloomington, MN-WI (Metropolitan Statistical Area)",175751740,178491909,187862821,195611956,201529145,198332032,199800895,200019727,192310093,197700163,202178526,205223887,209637747,218244103,222125886,226438178,231078542,237140794
33540,"Missoula, MT (Metropolitan Statistical Area)",3600820,3754997,3876405,3991073,4066833,4142636,4286496,4420809,4385133,4302191,4362153,4317993,4328303,4366617,4529703,4616447,4844547,5004429
33660,"Mobile, AL (Metropolitan Statistical Area)",15396513,15513915,15727618,16262785,16837774,17781054,17883447,18174307,18078624,18403592,18792487,18644444,18613900,18490696,18274524,18680535,18417975,18683075
33700,"Modesto, CA (Metropolitan Statistical Area)",15649404,16352752,17059459,18240647,18800861,19796400,19383730,18826250,18347204,18274699,18310067,18174763,18685147,20335985,21248796,21075833,21993425,23160773
33740,"Monroe, LA (Metropolitan Statistical Area)",6554299,6914086,6905069,6957931,7087786,7278109,6696271,6648034,7234147,7371500,7332237,7426816,7471759,7728820,8160753,8431126,8411633,8514155
33780,"Monroe, MI (Metropolitan Statistical Area)",5286383,5558051,5688872,5563599,5582429,5769537,5766034,5441289,5042536,5295498,5327496,5186490,5474331,5394770,5410633,5510337,5598240,5644944
33860,"Montgomery, AL (Metropolitan Statistical Area)",13512293,13831443,14187129,14840492,15360740,15766123,15623292,15545304,15008352,15437132,15665502,15721946,15660397,15480938,15845327,16053059,15949874,16226932
34060,"Morgantown, WV (Metropolitan Statistical Area)",4616198,4736355,4794891,5047690,5316256,5374172,5398369,5606426,5921992,6337272,6318695,6275672,6634341,6589679,6747245,6758615,6814633,6869987
34100,"Morristown, TN (Metropolitan Statistical Area)",3680577,3696966,3719226,3873458,3899461,4133610,4154601,4012241,3711217,4012065,4038329,4130475,4158009,4238607,4336573,4445501,4544914,4694391
34580,"Mount Vernon-Anacortes, WA (Metropolitan Statistical Area)",5164102,6122423,5889074,5472477,6881798,6184903,6201615,6241986,6406722,6320188,5526313,5449799,5713658,5747844,6335658,6596820,7122050,7469437
34620,"Muncie, IN (Metropolitan Statistical Area)",3913738,3902199,4003732,3903392,3844701,3901938,3733663,3633323,3327328,3474690,3500579,3567748,3622747,3688306,3762814,3754936,3827953,3872532
34740,"Muskegon, MI (Metropolitan Statistical Area)",5299896,5409413,5391817,5420902,5473389,5515530,5465292,5331565,5083490,5251946,5327622,5489849,5649887,5802124,5915840,5897718,5922919,6004546
34820,"Myrtle Beach-Conway-North Myrtle Beach, SC-NC (Metropolitan Statistical Area)",10973141,11212847,11729558,12503282,13480701,13262646,13441542,12897892,12156917,12247642,12428483,12359875,12760416,13280489,13522606,13901576,14573758,14851812
34900,"Napa, CA (Metropolitan Statistical Area)",7235711,7597311,7656445,7554793,7970287,8233691,8418260,8278835,7998259,7826910,7782574,8125419,8365757,8889520,9214016,9336207,9506546,9999759
34940,"Naples-Marco Island, FL (Metropolitan Statistical Area)",11896500,12465826,13062360,13615281,15061999,15267499,14942314,13471007,12267939,12562749,12470522,12427586,12705897,13504211,14272513,14926141,15140542,15760299
34980,"Nashville-Davidson--Murfreesboro--Franklin, TN (Metropolitan Statistical Area)",67276859,69837833,73233586,77307214,79841947,82855811,82921691,86287317,84271217,86119433,89471466,94599850,96529797,101082200,106981712,110394118,113138597,117839496
35100,"New Bern, NC (Metropolitan Statistical Area)",4238552,4174314,4305456,4534958,4783722,4900095,4912031,4904006,4851864,4979283,4999535,4967780,4958194,4887595,4842706,4796795,4732591,4807337
35300,"New Haven-Milford, CT (Metropolitan Statistical Area)",41767937,42902149,42876616,45814006,46343898,47808961,48087092,48768849,46728828,47192971,46621480,45646650,46067583,45765321,46417757,47057608,47266161,48060270
35380,"New Orleans-Metairie, LA (Metropolitan Statistical Area)",73276329,75005882,78666307,81167997,83451464,78716452,81895087,86397589,85410657,91856971,71607278,71621135,69298032,72063532,73431770,72141272,72614343,74217802
35620,"New York-Newark-Jersey City, NY-NJ-PA (Metropolitan Statistical Area)",1208904058,1202389266,1206202342,1232616820,1271205292,1296044534,1300340302,1271700194,1303313927,1346931810,1345024001,1401795910,1402950092,1432601929,1458928746,1480026829,1508145135,1532202227
35660,"Niles, MI (Metropolitan Statistical Area)",6197441,6337146,6443191,6611345,6454990,6709433,6990645,6491827,5699468,6309528,6356546,6350415,6402786,6438339,6438915,6586651,6828838,6877563
35840,"North Port-Sarasota-Bradenton, FL (Metropolitan Statistical Area)",21306552,23007004,24149030,26380292,28960209,30125742,28986562,26473556,24602402,24048098,24086729,23826799,24470354,25685901,27465992,28326120,29166615,30413978
35980,"Norwich-New London, CT (Metropolitan Statistical Area)",14631125,15268942,16128181,17818752,18524166,19849082,20848465,19428483,17316936,17236944,17185182,16750055,17162876,16243373,16467459,16657031,16914681,17084801
36100,"Ocala, FL (Metropolitan Statistical Area)",6489334,6750028,7186302,7590536,8260628,9260069,9369172,9087426,8179085,8051095,7880988,7785184,7870434,7974703,8259823,8846178,8922757,9237866
36140,"Ocean City, NJ (Metropolitan Statistical Area)",4393441,4594944,4825061,5020630,5174339,5239723,5168980,4994763,4815534,4876428,4850182,4839395,4816347,4843688,4803794,4800458,4757727,4852632
36220,"Odessa, TX (Metropolitan Statistical Area)",5614441,6036555,5776570,6007270,6167823,7230637,7980961,8644448,8875161,9303648,10776705,12658957,13123013,13515679,12169756,10773276,11722833,12844718
36260,"Ogden-Clearfield, UT (Metropolitan Statistical Area)",16471774,16936482,17388345,17825171,18798590,20582042,21198767,20848375,20935420,21256431,21365793,20983014,21953397,22364690,22956366,23973075,25098089,25916920
36420,"Oklahoma City, OK (Metropolitan Statistical Area)",44914625,45873936,47655703,49756992,52139235,55585319,55968291,59778060,60878178,60373981,62767914,66814963,69422004,72667813,77856498,76633959,77302505,79667931
36500,"Olympia-Lacey-Tumwater, WA (Metropolitan Statistical Area)",8451220,8583245,8756469,8865269,9236457,9717630,10257093,10588775,10292070,10330905,10161086,10266499,10511711,10867469,10799020,11279626,11737238,12398258
36540,"Omaha-Council Bluffs, NE-IA (Metropolitan Statistical Area)",38377052,39555748,41244954,43132699,44452042,45354403,46435373,46355953,46607939,48022260,49868339,50295650,50705976,52593479,54340287,54115141,55649803,56187854
36740,"Orlando Sanford, FL (Metropolitan Statistical Area)",81848542,85100325,89370151,94755340,102060252,103880112,105327723,102397225,95474522,96239638,96304899,98568541,101336529,104827744,110079086,114560010,119246663,124173982
36780,"Oshkosh-Neenah, WI (Metropolitan Statistical Area)",7782682,8469605,8522393,8659418,8797235,8853682,8802522,8689682,8561585,8772064,8991837,9182403,9092577,9046192,8922124,9094803,9131319,9274302
36980,"Owensboro, KY (Metropolitan Statistical Area)",4209505,4465454,4672623,4683570,4652784,4841341,4714624,4965912,4833624,5037880,5081271,5089771,5338662,5250399,5204794,5168950,5150432,5222498
37100,"Oxnard-Thousand Oaks-Ventura, CA (Metropolitan Statistical Area)",36062695,37125532,39332404,42911021,44545459,49001774,51309542,47435707,47246083,47693529,45792602,45787564,47973240,48844368,50480790,51798309,52776068,53439240
37340,"Palm Bay-Melbourne-Titusville, FL (Metropolitan Statistical Area)",14954234,15431046,16351524,17847471,19145149,20460884,21673048,21812634,20542303,20512115,19815021,19247542,19527088,19973535,20787350,21514903,22465459,23437467
37460,"Panama City, FL (Metropolitan Statistical Area)",5685402,6028245,6294904,6828946,7325880,7665626,7614116,7548607,7304451,7175205,7037997,6952683,6994931,7149035,7264429,7348864,7463278,7606775
37620,"Parkersburg-Vienna, WV (Metropolitan Statistical Area)",3494131,3520476,3503516,3501385,3476600,3632996,3478622,3551096,3676310,3634579,3644236,3589423,3440102,3447891,3444243,3435120,3356685,3408239
37860,"Pensacola-Ferry Pass-Brent, FL (Metropolitan Statistical Area)",13999206,14238092,14746792,15383587,16023161,17052740,17008395,16531402,15982443,16050481,16179830,16193973,16260497,16314266,16784423,17106631,17431830,17968560
37900,"Peoria, IL (Metropolitan Statistical Area)",17304770,17174131,17464307,18103069,18989789,20533844,21547957,21832548,21213428,22787199,25395488,27865761,25118508,25244746,23781552,22570107,22012933,22889895
37980,"Philadelphia-Camden-Wilmington, PA-NJ-DE-MD (Metropolitan Statistical Area)",307062082,309221687,322567289,336305565,339916979,341925858,354301383,361766471,349616444,355280273,357727769,364699327,367021946,373817056,383559415,389389098,388791070,398674377
38060,"Phoenix-Mesa-Chandler, AZ (Metropolitan Statistical Area)",149689256,155047546,165718572,174406477,189508257,199735946,203718429,197547195,180129541,181027408,186397519,192799880,194105313,197939483,204031462,210882969,217895725,227741337
38220,"Pine Bluff, AR (Metropolitan Statistical Area)",3592610,3576673,3714915,3866315,3816922,3880048,3698273,3734256,3623420,3716342,3682005,3718799,3757455,3533604,3340322,3369323,3344188,3345604
38300,"Pittsburgh, PA (Metropolitan Statistical Area)",105760667,107132752,109466268,111662350,112559833,112277763,114705673,117350552,115339527,120154459,123385963,125717789,126976182,129645804,132482240,132029512,134322913,138410497
38340,"Pittsfield, MA (Metropolitan Statistical Area)",5600630,5787231,5717819,5865274,6030676,6154004,6085553,6107501,5956969,5999044,6043630,6189410,6293268,6459109,6539113,6577320,6563795,6659360
38540,"Pocatello, ID (Metropolitan Statistical Area)",2711299,2578755,2596652,2759296,2927293,3024638,3056172,3129321,2987761,2953888,2954145,2953196,2944510,2905532,2965693,2981286,3072557,3163717
38860,"Portland-South Portland, ME (Metropolitan Statistical Area)",22660532,22936469,23839000,24874527,24929410,24931774,24839265,25028120,24746958,25104612,24997150,25075443,24823460,25512583,25862800,26580511,27521358,28249782
38900,"Portland-Vancouver-Hillsboro, OR-WA (Metropolitan Statistical Area)",87298534,88259223,93668876,99456190,103919170,108980379,111778362,116368532,110861172,113249723,117456377,119281905,120374557,124973006,131593194,137990856,143680585,150033141
38940,"Port St. Lucie, FL (Metropolitan Statistical Area)",10550658,11075798,11442971,12599454,13927471,14935776,15109142,14293088,13615319,13516782,13235831,13416704,13531712,13577727,14159910,14428507,14844261,15258742
39100,"Poughkeepsie-Newburgh-Middletown, NY (Metropolitan Statistical Area)",21288726,21593975,22789813,23558104,24084765,24438334,24648807,25537936,25703875,26255212,26033933,26349296,26329366,26261379,26769741,27028417,27492574,27992552
39150,"Prescott Valley-Prescott, AZ (Metropolitan Statistical Area)",4414231,4640690,4965605,5332054,5900211,6334353,6405371,6208612,5725160,5547655,5405878,5400875,5504087,5713227,5837276,6038037,6263132,6481866
39300,"Providence-Warwick, RI-MA (Metropolitan Statistical Area)",65492337,67580546,69763137,71921948,72603594,74861181,73134669,72085621,70830244,72665966,72820249,73218239,73711396,74282595,75956484,75882611,76611155,77516675
39340,"Provo-Orem, UT (Metropolitan Statistical Area)",11084613,11264480,11662117,12397754,13324717,14665698,15901179,15985915,16125457,16573753,17044159,17386433,18087372,19049872,20564945,22006649,23037069,24664624
39380,"Pueblo, CO (Metropolitan Statistical Area)",4427944,4512378,4627184,4868248,4575924,4861344,4897264,5184709,5151007,5274674,5441708,5589514,5495976,5450844,5633254,5793524,5936817,6084945
39460,"Punta Gorda, FL (Metropolitan Statistical Area)",3350916,3517668,3653874,3854153,4253939,4537629,4411296,4196082,3963288,3894681,3877608,3902969,3992883,4038099,4252418,4409773,4518513,4670656
39540,"Racine, WI (Metropolitan Statistical Area)",7921091,7937627,8135289,8446218,8400492,8723928,8471704,8203374,7890081,8280083,8131346,8049836,7906278,7992639,7958049,8059225,8206941,8450197
39580,"Raleigh-Cary, NC (Metropolitan Statistical Area)",42002605,43159131,44350851,46438326,49052909,51668985,53510987,54747975,52209061,55357585,55769353,57452356,60024066,62980554,66868388,69655443,71856766,76127645
39660,"Rapid City, SD (Metropolitan Statistical Area)",4295534,4860062,4901144,4733953,4876417,4696389,4804744,4924964,4832501,4984398,5105703,5201043,5222571,5431515,5587821,5640449,5793802,5848877
39740,"Reading, PA (Metropolitan Statistical Area)",14714290,14930598,15208661,15484503,15799255,16620439,16615628,16485994,15881142,16248607,16524553,16573981,16671111,17300674,18023285,17947700,17911239,18443415
39820,"Redding, CA (Metropolitan Statistical Area)",6068052,6804736,7046587,6990438,6894772,7498449,7333018,6929801,6589113,6778074,6933939,6664456,6731345,6809336,7010541,7289876,7635618,7655080
39900,"Reno, NV (Metropolitan Statistical Area)",19752997,19878198,20553112,22413992,23491710,23756907,23275370,21953289,20500444,21493955,21065542,21365577,20788928,21340923,22948604,23612742,24833406,24441835
40060,"Richmond, VA (Metropolitan Statistical Area) *",63052012,61604945,62422062,62637454,65757868,66599215,66674724,66033815,65263414,66830500,68761852,70293328,71627175,71270760,72812083,72780898,74128689,75517193
40140,"Riverside-San Bernardino-Ontario, CA (Metropolitan Statistical Area)",100588426,106482489,114596732,123920108,132062648,140318460,141763085,136764974,127395643,128214518,131711899,132596838,137290849,142594292,149872535,154105682,159582093,164892302
40220,"Roanoke, VA (Metropolitan Statistical Area) *",13324976,13214585,13340512,13336041,13839902,14557881,14915147,14888177,14489742,14679161,14743910,14720585,14928526,14857947,15167586,14840343,14791179,15119632
40340,"Rochester, MN (Metropolitan Statistical Area)",7814442,8350077,8964082,9384602,9616259,9920630,9984057,10238757,10050592,10627736,10623827,10857154,10963103,11055792,11345812,11808224,12078681,12681156
40380,"Rochester, NY (Metropolitan Statistical Area)",49555595,50155900,50874359,51026703,51166750,52243865,52239611,52806675,53160859,54613702,53901558,54589948,54188542,54626450,55975600,56100682,56587691,56811269
40420,"Rockford, IL (Metropolitan Statistical Area)",12985196,13243329,13370508,13703530,14050983,14872062,15235809,14865845,13779554,13939544,14432520,14515295,14196492,14337200,14182983,14160840,14251552,14788731
40580,"Rocky Mount, NC (Metropolitan Statistical Area)",6005266,5955079,6047543,6088055,6189921,6524943,6515575,6337088,6113847,6259993,6233335,5565253,5430583,7084991,8588730,9168328,9095290,9010568
40660,"Rome, GA (Metropolitan Statistical Area)",4157813,3660203,3688404,3842164,3731462,3836019,3891813,3877504,3794948,3820200,3810935,3695147,3601244,3673431,3689436,3732691,3778121,3787411
40900,"Sacramento-Roseville-Folsom, CA (Metropolitan Statistical Area)",87352976,90783910,96077215,100252844,105434257,108449597,108679048,107772564,103188300,101326243,102675727,103593991,107514442,111396627,116955760,119613084,124292926,128649231
40980,"Saginaw, MI (Metropolitan Statistical Area)",7702318,7876524,8185245,7960129,7999163,7932479,7741576,7281857,6840694,7314474,7444076,7448099,7536066,7601528,7741964,7929192,7943763,8120484
41060,"St. Cloud, MN (Metropolitan Statistical Area)",7226699,7502179,7621565,7939671,8026939,8248320,8270836,8450521,8238339,8315338,8605110,8387601,8527555,8900516,9013681,9246137,9473689,9522149
41100,"St. George, UT (Metropolitan Statistical Area)",2566772,2696779,2888117,3146075,3505122,3920329,4055332,3871161,3517687,3484777,3514499,3632305,3857208,4038212,4277364,4650364,5116834,5347692
41140,"St. Joseph, MO-KS (Metropolitan Statistical Area)",4442673,4549919,4604150,4833032,4783705,4938865,5042045,5147136,5127138,5108954,4954663,5244925,5293641,5101150,5059877,4997567,5096338,5108174
41180,"St. Louis, MO-IL (Metropolitan Statistical Area)",131949609,133193837,136758174,138778654,140823020,140681137,141907243,145794054,143192798,145227408,145570801,147318294,147468476,147739270,147639705,145890916,147633364,152060042
41420,"Salem, OR (Metropolitan Statistical Area)",11574695,11755561,12106951,12247705,12763449,13912262,13749969,13838551,13220315,13231271,13086398,13039565,13246813,13756423,14686886,15302521,15672140,16156484
41500,"Salinas, CA (Metropolitan Statistical Area)",20838574,22173648,22167796,20092312,20665055,22715449,21800127,21253990,22517123,21857216,20702380,21334753,21753987,22257344,24379259,24879466,25149109,25834713
41540,"Salisbury, MD-DE (Metropolitan Statistical Area)",14409769,14088644,14500984,15312503,16345472,17063634,17283065,16960212,16548987,16222567,16000090,16916157,17707143,20896150,22907734,22165520,21898288,22168321
41620,"Salt Lake City, UT (Metropolitan Statistical Area)",50782228,51800263,52519963,55448463,58562523,63072705,66118325,65357140,63049456,64539182,67402150,69191861,70047788,71953312,75134019,77695516,79689409,82431896
41660,"San Angelo, TX (Metropolitan Statistical Area)",4261471,4220073,4137784,4127586,4199086,4390450,4523734,4708235,4904285,5169585,5417286,5991533,6725627,7393350,7512563,7205528,7357518,7555272
41700,"San Antonio-New Braunfels, TX (Metropolitan Statistical Area)",66452921,68419429,71216769,73766874,76501167,80698360,83474334,84825360,82851655,85678543,89767988,92610410,97731491,104206948,111652985,114034753,115793452,121139794
41740,"San Diego-Chula Vista-Carlsbad, CA (Metropolitan Statistical Area)",143669032,150292785,158817654,168150774,176992285,180596242,183049151,180820962,172369215,174052646,177867461,180338029,187845995,193675144,200564607,203882502,210693896,219361505
41860,"San Francisco-Oakland-Berkeley, CA (Metropolitan Statistical Area)",308197450,303611985,309967374,316325008,330254812,338941927,341336497,354669791,338704183,337823829,339335749,364594793,377737541,400781517,424791715,443866458,472872746,497195398
41940,"San Jose-Sunnyvale-Santa Clara, CA (Metropolitan Statistical Area)",117843014,112861897,119699918,125115423,133382337,142982640,155486663,163689196,160445624,174393890,187433129,194167686,213509528,231295129,254023744,270803531,289710772,318998478
42020,"San Luis Obispo-Paso Robles, CA (Metropolitan Statistical Area)",10845071,12108449,12459798,12615135,13050808,13701085,13692089,12836385,12536294,13097558,13365179,13717226,14275134,14481207,15388320,15865142,16138584,16536404
42100,"Santa Cruz-Watsonville, CA (Metropolitan Statistical Area)",10889651,10907948,11095657,11001126,11036748,11524722,11488184,11346179,11449201,12268336,12101713,11919564,12344148,12751228,13166978,13370887,13520021,13765700
42140,"Santa Fe, NM (Metropolitan Statistical Area)",5480598,6173790,5640631,5705685,5875491,6068956,6363200,6604902,6098202,6063876,5935316,5885637,5890017,5811363,5835174,5810487,5748226,5825345
42200,"Santa Maria-Santa Barbara, CA (Metropolitan Statistical Area)",17970393,18817978,19675733,20508784,21537250,22387140,22828218,22764807,22922931,22583327,22800501,23238831,23808910,24497034,26252102,26107316,26861059,27855958
42220,"Santa Rosa-Petaluma, CA (Metropolitan Statistical Area)",20599198,21552753,21540339,21651148,22082939,22996395,23281550,22766428,21753569,22175649,22635948,22862195,23601425,24612974,25854007,26617535,27421167,28565621
42340,"Savannah, GA (Metropolitan Statistical Area)",12365079,12575077,12868822,13632506,14444365,15408119,15687917,15452029,15184613,15527469,15812890,16219316,16540620,17404048,17673576,18166339,18839697,19444860
42540,"Scranton--Wilkes-Barre, PA (Metropolitan Statistical Area)",20381910,20323100,20771158,21213124,21413759,21998541,22574712,23054952,22858583,23391205,23540970,23558219,23774355,24333293,24985729,25212799,25497710,26081343
42660,"Seattle-Tacoma-Bellevue-Everett, WA (Metropolitan Statistical Area)",199825189,200792813,204099948,208030901,222106190,230604857,247546985,251439382,243168153,248903638,256694112,269668824,278883107,290949071,304333821,315094519,332835662,355662749
42680,"Sebastian-Vero Beach, FL (Metropolitan Statistical Area)",3850240,4059092,4305721,4542542,4945116,5179426,5159094,4974531,4624108,4438674,4434111,4501931,4517719,4681105,4864424,5047825,5130162,5346831
42700,"Sebring-Avon Park, FL (Metropolitan Statistical Area)",1879811,2031976,2096265,2220377,2409493,2775806,2718519,2554808,2504489,2426578,2350423,2375241,2337603,2356459,2429784,2526899,2547217,2538660
43100,"Sheboygan, WI (Metropolitan Statistical Area)",5564602,5652992,5766141,6128124,5974426,6076529,6168551,6078822,5725109,5833112,5842675,6030006,6059144,6107703,6204909,6412720,6619831,6700198
43300,"Sherman-Denison, TX (Metropolitan Statistical Area)",3065880,3137501,3221040,3424810,3431653,3702791,3708532,3769659,3752035,3833752,4015336,4117695,4180749,4233270,4355290,4370950,4475124,4691343
43340,"Shreveport-Bossier City, LA (Metropolitan Statistical Area)",15430906,15628423,16356687,17458033,18572070,19129337,17406006,17536111,20235058,21413817,22683878,21803605,20234391,20417494,21340259,21260224,22104981,22611316
43420,"Sierra Vista-Douglas, AZ (Metropolitan Statistical Area)",3368712,3426308,3672167,3788756,4037623,4282368,4529915,4542087,4548902,4683595,4658074,4437565,4275159,4202419,4205478,4315749,4259736,4404134
43580,"Sioux City, IA-NE-SD (Metropolitan Statistical Area)",7829269,6923872,6821019,7189858,7423835,7572341,7734987,8151415,7652812,7881926,7545712,7286320,7438510,7316157,7664628,7648039,7495029,7629653
43620,"Sioux Falls, SD (Metropolitan Statistical Area)",9028409,10544827,10530310,12752638,13157358,14255955,14386571,14994704,15126028,14720192,15742576,17007019,16513945,17037852,17575420,17544959,17267303,17273286
43780,"South Bend-Mishawaka, IN-MI (Metropolitan Statistical Area)",11646902,11962634,12441076,12757144,12772659,12953339,13041309,12709897,11526436,12272764,12389665,12504835,12574195,12940200,12982285,12974978,13096715,13576257
43900,"Spartanburg, SC (Metropolitan Statistical Area)",9908530,10261626,10742996,11044990,11304263,11903163,11870338,11760002,10718875,11341453,11705348,11496145,11457440,11688699,12110466,12562461,13125872,13481467
44060,"Spokane-Spokane Valley, WA (Metropolitan Statistical Area)",17432845,17417521,17881437,18480382,19357930,20381856,21330448,21638863,20938127,20899150,20968218,21092422,21425836,21861777,22213180,22736082,23558813,24586426
44100,"Springfield, IL (Metropolitan Statistical Area)",9914968,10078892,9808583,9787486,9743809,10050065,10108289,10033240,10087624,10340728,10384825,10158028,10235053,10335442,10486423,10297499,10377290,10860798
44140,"Springfield, MA (Metropolitan Statistical Area)",26129823,26503897,27007993,27243332,27256123,27441816,27478199,27652969,27020169,27622742,28140073,28504119,28511765,28916391,29638460,29744266,30181745,30643846
44180,"Springfield, MO (Metropolitan Statistical Area)",14004580,14294419,14857422,15535342,16175991,16365823,16471161,16585282,16218957,16149091,15899597,15915167,15848833,16331030,17159278,17326947,17629924,18040656
44220,"Springfield, OH (Metropolitan Statistical Area)",4304702,4366172,4303924,4421134,4417638,4567281,4342619,4269924,4031022,4074170,4201313,4163570,4181501,4249801,4294566,4284040,4352218,4414081
44300,"State College, PA (Metropolitan Statistical Area)",5427583,5577876,5713948,5991992,6330185,6314483,6426968,6614007,6643557,6903491,7122925,7270833,7400759,7479541,7565612,7728852,7926572,7929168
44420,"Staunton, VA (Metropolitan Statistical Area) *",4291228,4073088,3954316,4224171,4448513,4617447,4740348,4725390,4828673,4897494,4707593,4455253,4535003,4568767,4706424,4706466,4842978,4902654
44700,"Stockton, CA (Metropolitan Statistical Area)",20555381,21603869,22636774,23828111,25174856,25481587,25232441,24428248,23784839,23232499,23138708,23479293,24356771,25545900,26817792,26805456,28027041,29257580
44940,"Sumter, SC (Metropolitan Statistical Area)",3623255,3680831,3811007,3894717,3939111,4132985,4178127,4054720,3947493,4049636,4087296,4251114,4284089,4163615,4161742,4168510,4251788,4324516
45060,"Syracuse, NY (Metropolitan Statistical Area)",29345022,29715250,30584467,31236264,31815001,32454526,33074599,32761278,32958345,34004022,33512646,34259975,34479108,35177696,35936306,35832241,36412174,36718553
45220,"Tallahassee, FL (Metropolitan Statistical Area)",13818556,14136914,14379275,14800486,14869003,15491371,15968556,15621846,15224913,15049378,14914393,14960901,14718332,14866978,14982043,15363176,15837439,16287867
45300,"Tampa-St. Petersburg-Clearwater, FL (Metropolitan Statistical Area)",100341631,104207725,108680168,114746099,121175797,125522259,125964461,122130224,117819162,118486088,118718859,120334797,122399727,124637915,129796986,133617728,137030695,141904761
45460,"Terre Haute, IN (Metropolitan Statistical Area)",6252031,6417174,6713137,6836728,6828926,6979716,7079629,7080698,6779450,7110330,7182754,6993058,7388879,7229180,7161268,7236799,7166368,7141790
45500,"Texarkana, TX-AR (Metropolitan Statistical Area)",4523853,4646537,4671583,4821770,4949787,5213311,5274325,5400290,5276678,5321746,5350856,5331878,5063353,5029652,5116381,5128861,5122467,5180307
45540,"The Villages, FL (Metropolitan Statistical Area)",926203,1010910,1176283,1225597,1421502,1681789,1821454,1783762,1719720,1775497,1884725,1997444,2113808,2132819,2169972,2280124,2397299,2484841
45780,"Toledo, OH (Metropolitan Statistical Area)",31327082,31868737,32114692,32376375,33176925,33578125,33080096,31799591,30513566,31341991,32607851,31774294,32884633,35431105,33936757,33689424,34029973,34845826
45820,"Topeka, KS (Metropolitan Statistical Area)",9211142,9287291,9267606,9374011,9303858,9113570,9503690,9716902,9523075,9511910,9824532,9947394,9788390,9777510,9739210,9881513,9849673,10065715
45940,"Trenton-Princeton, NJ (Metropolitan Statistical Area)",24531517,25329167,25813127,26093323,26436766,26763555,26432604,27359900,26339529,26606523,26732591,28346897,27997660,27654959,27806922,28160390,27815178,28459499
46060,"Tucson, AZ (Metropolitan Statistical Area)",31824593,31616113,33669365,33252558,35309455,36685219,38516783,38402048,35699685,36396420,36211311,36431583,36117263,36221971,36108903,37134412,38636977,40011352
46140,"Tulsa, OK (Metropolitan Statistical Area)",38207115,38076231,37260401,38327875,40447163,44427669,44269947,45586435,43221650,42694048,45219006,47466026,48319589,51893053,53477273,50123981,51847954,53448340
46220,"Tuscaloosa, AL (Metropolitan Statistical Area)",8269166,8692156,9046049,9627547,10142765,10265630,10734531,10317916,9548273,9851423,10783359,10319583,10404655,9864373,9540091,9447548,9678717,9952170
46300,"Twin Falls, ID (Metropolitan Statistical Area)",2982475,3034084,3057235,3214169,3394510,3614779,3811881,3768921,3381853,3602691,3576004,3732801,3880094,4081165,4243981,4419721,4493510,4671994
46340,"Tyler, TX (Metropolitan Statistical Area)",7287664,7352413,7505784,8358498,8734504,9291210,9305579,9248711,9032492,9296927,9361275,9569410,9604603,9746323,9799342,9796738,9904909,10179462
46520,"Urban Honolulu, HI (Metropolitan Statistical Area)",43024704,44277809,46183519,48973208,51099307,52006083,52602559,53607046,52467108,53789213,54468559,55365812,55933821,55980180,57640119,58642584,59924134,61095819
46540,"Utica-Rome, NY (Metropolitan Statistical Area)",9921988,10115208,10269669,10387346,10507933,11177033,11316194,11286709,11381876,11710696,11647688,11766160,11569985,11573596,11480089,11604246,11789161,11892236
46660,"Valdosta, GA (Metropolitan Statistical Area)",4008364,4144928,4307647,4336051,4490905,4617046,4659355,4756380,4699460,4741080,4690642,4698454,4700389,4691860,4737137,4822889,4940605,5054748
46700,"Vallejo, CA (Metropolitan Statistical Area)",14661173,15046169,16287826,16612820,17404693,17684975,17899555,19069805,18277074,18387013,17671852,19232849,20296438,20739923,21145851,22142123,22841474,23303994
47020,"Victoria, TX (Metropolitan Statistical Area)",4297130,4249914,4343456,4701233,4935365,5181767,4942212,4788587,4418090,4481091,4596506,4932317,5151119,5372201,5119391,4817564,4854105,5069679
47220,"Vineland-Bridgeton, NJ (Metropolitan Statistical Area)",5375211,5465767,5772190,5985292,6101340,6206974,6095673,6171788,6023307,5954839,5854480,5900991,5910921,5884451,6012536,6126043,5954454,6051881
47260,"Virginia Beach-Norfolk-Newport News, VA-NC (Metropolitan Statistical Area) *",75313792,76462973,80183007,84365508,88020260,88656736,89162709,88681114,87931190,88030767,87036863,86109638,86595118,85850642,87340416,86844650,87801252,89775562
47300,"Visalia, CA (Metropolitan Statistical Area)",11328614,10667495,11359893,12626920,13999644,13879159,15250944,14428936,13112650,14190018,14721728,13982531,15104667,16983835,16739950,17147139,17773212,18415098
47380,"Waco, TX (Metropolitan Statistical Area)",7944061,8073188,8399913,8711161,8871355,9293737,9484547,9577594,9979744,9710032,9803649,10215046,11317120,11729768,11187838,11783030,12297931,12745968
47460,"Walla Walla, WA (Metropolitan Statistical Area)",2417382,2263369,2359352,2283271,2355677,2680760,2576560,2645402,2719250,2676299,2799756,2778171,2701211,2709592,2807891,2908170,2995360,3068776
47580,"Warner Robins, GA (Metropolitan Statistical Area)",5276845,5492709,5677193,5850281,6041484,6375111,6477128,6447861,6408275,6501259,6608895,6545944,6459308,6496469,6529314,6630548,6797329,6979808
47900,"Washington-Arlington-Alexandria, DC-VA-MD-WV (Metropolitan Statistical Area) *",329991257,342148899,355038927,377881730,397010836,398330377,403049581,411103715,412212099,429589652,439038605,442624520,440244140,444372424,454378772,464734865,471918848,484792706
47940,"Waterloo-Cedar Falls, IA (Metropolitan Statistical Area)",6448830,6783275,6796411,7703903,7941545,7837022,8129566,7964218,7923269,8365341,8251261,9538598,8615172,9473362,9164715,8492159,8638962,8786794
48060,"Watertown-Fort Drum, NY (Metropolitan Statistical Area)",4660995,4654604,4818820,4962969,5360150,5936850,6002215,6254192,6403370,6697552,6827142,6592076,6432932,6300006,6064487,5870512,5929646,5910020
48140,"Wausau-Weston, WI (Metropolitan Statistical Area)",6709592,6870181,7168402,7499972,7742426,7887839,7894360,7802582,7500455,7637869,8028634,8137603,8242567,8591322,8641093,8723718,8906420,9107116
48260,"Weirton-Steubenville, WV-OH (Metropolitan Statistical Area)",5324215,5580132,5399462,5144635,5088483,4942591,5153129,5599966,5117499,5134274,4994343,4976496,5384677,5490036,5038252,5188236,5618342,6036969
48300,"Wenatchee, WA (Metropolitan Statistical Area)",3972982,4405194,4389644,4379189,4213345,4635519,4689255,4648506,4593048,4799680,5298887,5325733,5205233,5194366,5515646,5683174,5937499,5978089
48540,"Wheeling, WV-OH (Metropolitan Statistical Area)",6000146,6058210,6113098,6150262,6267050,6313918,6402655,6536333,6376027,6443008,6497509,6434019,7046028,8190382,9517396,10440107,11959848,11897160
48620,"Wichita, KS (Metropolitan Statistical Area)",25970694,25617597,25109768,25006322,25347660,27951697,30054183,29769056,26451160,27680811,28291530,28191554,26586255,28150426,29489153,31238678,31780917,32832296
48660,"Wichita Falls, TX (Metropolitan Statistical Area)",5304788,5395526,5294521,5262954,5281493,5663990,5785517,5892058,5883433,5770448,5716927,5986413,5981863,5943860,5865988,5891515,5923886,6078296
48700,"Williamsport, PA (Metropolitan Statistical Area)",4061787,3989350,4115868,4255339,4342551,4405391,4420258,4439665,4428624,4717326,5270389,5770152,6085060,6661933,6629559,6519510,6569871,6530249
48900,"Wilmington, NC (Metropolitan Statistical Area)",8755492,8969453,9267929,9600528,10415833,11006257,11608279,11619299,11013706,11089957,11080296,10366845,11211467,11980286,12305979,12788152,12991240,13438658
49020,"Winchester, VA-WV (Metropolitan Statistical Area) *",4580379,4660333,4786118,4941390,5299139,5542495,5416301,5232998,5399545,5652676,5614680,5494173,5416563,5414569,5620407,5660710,5809606,5970463
49180,"Winston-Salem, NC (Metropolitan Statistical Area)",28590246,27590457,27561041,28538506,29196911,30560034,29355710,30259220,29400512,29430173,27834857,28080724,27891378,28425337,28826991,29021462,29500651,29528114
49340,"Worcester, MA-CT (Metropolitan Statistical Area)",34288651,35400486,36753568,37201122,37421700,39126030,39480599,39698703,38304479,39893027,41290280,41583289,41692988,42065004,43037783,43504972,44399035,45393131
49420,"Yakima, WA (Metropolitan Statistical Area)",6824335,7168611,7469719,7773728,7995394,8133989,8654614,8481021,8332901,8665802,8673532,8717710,8574416,9001942,8923543,9340102,9618897,9883248
49620,"York-Hanover, PA (Metropolitan Statistical Area)",14801088,15042576,15667188,16716578,17852617,17693574,18375566,18885962,17713358,18037377,18090081,17689284,17867982,17660325,17734523,17953835,18301760,18675558
49660,"Youngstown-Warren-Boardman, OH-PA (Metropolitan Statistical Area)",20240948,20982414,21143807,21601265,21885665,22025859,21480101,21085871,19011466,19634198,20403140,19955209,19987459,20243686,20254944,19866574,19799479,20089962
49700,"Yuba City, CA (Metropolitan Statistical Area)",4656892,5339083,5493788,5488690,5424945,5932997,6009739,6270768,6490819,6191460,6034722,5795280,6037249,6087737,6042870,6125445,6313586,6506948
49740,"Yuma, AZ (Metropolitan Statistical Area)",4807277,5566126,5425953,5949944,6374305,6823217,7193042,6644046,6340003,6626379,6485708,6028238,6438174,6100802,6776399,7370372,7783381,7874389
,"Bozeman, MT",,,,,,,,,,,,,,,,,,92802
,"Eagle, CO",,,,,,,,,,,,,,,,,,52674
,"Martha's Vineyard, MA",,,,,,,,,,,,,,,,,,16127
,"Jackson, WY",,,,,,,,,,,,,,,,,,37417
,"Aspen, CO",,,,,,,,,,,,,,,,,,29350
,"Key West, FL",,,,,,,,,,,,,,,,,,64023
,"Belleville, IL",,,,,,,,,,,,,,,,,,126990
,"Steamboat Springs, CO",,,,,,,,,,,,,,,,,,22571
,"Eureka, CA",,,,,,,,,,,,,,,,,,58551
,"Kalispell, MT",,,,,,,,,,,,,,,,,,55120
,"Valparaiso, FL",,,,,,,,,,,,,,,,,,150052
,"Latrobe, PA",,,,,,,,,,,,,,,,,,151682
,"Nantucket, MA",,,,,,,,,,,,,,,,,,15921
36740,Orlando FL (Metropolitan Statistical Area),81848542,85100325,89370151,94755340,102060252,103880112,105327723,102397225,95474522,96239638,96304899,98568541,101336529,104827744,110079086,114560010,119246663,124173982
31080,"Palm Springs, CA (Metropolitan Statistical Area)",640994445,658885830,693002173,723332684,751802739,775894029,780607520,785031027,744970634,761847125,773753329,788081634,805082446,827255500,862381688,879958191,912491020,941064112
42660,"Everett, WA (Metropolitan Statistical Area)",199825189,200792813,204099948,208030901,222106190,230604857,247546985,251439382,243168153,248903638,256694112,269668824,278883107,290949071,304333821,315094519,332835662,355662749
47260,"Norfolk, VA-NC (Metropolitan Statistical Area) *",75313792,76462973,80183007,84365508,88020260,88656736,89162709,88681114,87931190,88030767,87036863,86109638,86595118,85850642,87340416,86844650,87801252,89775562
33100,"Palm Beach, FL (Metropolitan Statistical Area)",227550802,236043970,244581525,257428075,274235265,278783184,276702917,265245319,249778096,257860365,258703992,259070997,265814998,274987510,286151043,295529169,306141923,315031150
31080,"Los Angeles, CA (Metropolitan Statistical Area)",640994445,658885830,693002173,723332684,751802739,775894029,780607520,785031027,744970634,761847125,773753329,788081634,805082446,827255500,862381688,879958191,912491020,941064112
16740,"Charlotte, NC (Metropolitan Statistical Area)",93240759,95375126,99475905,105167044,112682960,119541323,120890684,128729782,118106645,114095994,120570847,127361099,126546666,130434606,136879027,139087135,143835956,146813931



